file,compiler,version,optimization,bin_min_size,bin_max_size,bin_mean_size,time
05WH,gcc,14,-O0,1450,1450,1450.0,0.0802881717681884
05WH,gcc,14,-O1,1457,1457,1457.0,0.090416669845581
05WH,gcc,14,-O2,1433,1433,1433.0,0.0922610759735107
05WH,gcc,14,-O3,1433,1433,1433.0,0.0891849994659423
05WH,gcc,14,-Os,1426,1426,1426.0,0.087867259979248
05WH,gcc,14,-Ofast,1529,1529,1529.0,0.0910742282867431
0XBY,gcc,14,-O0,1451,1451,1451.0,0.0825846195220947
0XBY,gcc,14,-O1,1444,1444,1444.0,0.0894446372985839
0XBY,gcc,14,-O2,1438,1438,1438.0,0.0895221233367919
0XBY,gcc,14,-O3,1438,1438,1438.0,0.0904428958892822
0XBY,gcc,14,-Os,1431,1431,1431.0,0.0933952331542968
0XBY,gcc,14,-Ofast,1534,1534,1534.0,0.0914499759674072
3YJ2,gcc,14,-O0,1451,1451,1451.0,0.0841314792633056
3YJ2,gcc,14,-O1,1444,1444,1444.0,0.0901787281036377
3YJ2,gcc,14,-O2,1438,1438,1438.0,0.091205358505249
3YJ2,gcc,14,-O3,1438,1438,1438.0,0.0863666534423828
3YJ2,gcc,14,-Os,1431,1431,1431.0,0.0484952926635742
3YJ2,gcc,14,-Ofast,1534,1534,1534.0,0.0483622550964355
684A,gcc,14,-O0,1451,1451,1451.0,0.0413551330566406
684A,gcc,14,-O1,1441,1441,1441.0,0.0469412803649902
684A,gcc,14,-O2,1433,1433,1433.0,0.0464076995849609
684A,gcc,14,-O3,1433,1433,1433.0,0.048668622970581
684A,gcc,14,-Os,1426,1426,1426.0,0.0449550151824951
684A,gcc,14,-Ofast,1529,1529,1529.0,0.0474212169647216
6MQM,gcc,14,-O0,1457,1457,1457.0,0.0435636043548584
6MQM,gcc,14,-O1,1445,1445,1445.0,0.0458049774169921
6MQM,gcc,14,-O2,1439,1439,1439.0,0.0484435558319091
6MQM,gcc,14,-O3,1439,1439,1439.0,0.0470309257507324
6MQM,gcc,14,-Os,1432,1432,1432.0,0.0454926490783691
6MQM,gcc,14,-Ofast,1535,1535,1535.0,0.047663927078247
6XLX,gcc,14,-O0,1532,1532,1532.0,0.0416314601898193
6XLX,gcc,14,-O1,1572,1572,1572.0,0.0531067848205566
6XLX,gcc,14,-O2,1597,1597,1597.0,0.0507340431213378
6XLX,gcc,14,-O3,1842,1842,1842.0,0.0543403625488281
6XLX,gcc,14,-Os,1542,1542,1542.0,0.0500543117523193
6XLX,gcc,14,-Ofast,1942,1942,1942.0,0.0543169975280761
700W,gcc,14,-O0,1451,1451,1451.0,0.0440568923950195
700W,gcc,14,-O1,1441,1441,1441.0,0.0437214374542236
700W,gcc,14,-O2,1433,1433,1433.0,0.0471420288085937
700W,gcc,14,-O3,1433,1433,1433.0,0.0455183982849121
700W,gcc,14,-Os,1426,1426,1426.0,0.0466084480285644
700W,gcc,14,-Ofast,1529,1529,1529.0,0.0439004898071289
71KA,gcc,14,-O0,1524,1524,1524.0,0.0448839664459228
71KA,gcc,14,-O1,1604,1604,1604.0,0.0463933944702148
71KA,gcc,14,-O2,1614,1614,1614.0,0.0553715229034423
71KA,gcc,14,-O3,1614,1614,1614.0,0.0504810810089111
71KA,gcc,14,-Os,1533,1533,1533.0,0.0494806766510009
71KA,gcc,14,-Ofast,1710,1710,1710.0,0.0499236583709716
80K3,gcc,14,-O0,1450,1450,1450.0,0.0419387817382812
80K3,gcc,14,-O1,1457,1457,1457.0,0.0451869964599609
80K3,gcc,14,-O2,1433,1433,1433.0,0.0474982261657714
80K3,gcc,14,-O3,1433,1433,1433.0,0.0462050437927246
80K3,gcc,14,-Os,1426,1426,1426.0,0.0435326099395751
80K3,gcc,14,-Ofast,1529,1529,1529.0,0.0467374324798584
8BUN,gcc,14,-O0,1457,1457,1457.0,0.079066514968872
8BUN,gcc,14,-O1,1445,1445,1445.0,0.0882339477539062
8BUN,gcc,14,-O2,1439,1439,1439.0,0.0899150371551513
8BUN,gcc,14,-O3,1439,1439,1439.0,0.0883817672729492
8BUN,gcc,14,-Os,1432,1432,1432.0,0.087026834487915
8BUN,gcc,14,-Ofast,1535,1535,1535.0,0.0891339778900146
8EAO,gcc,14,-O0,1532,1532,1532.0,0.0837199687957763
8EAO,gcc,14,-O1,1572,1572,1572.0,0.0936067104339599
8EAO,gcc,14,-O2,1597,1597,1597.0,0.0983223915100097
8EAO,gcc,14,-O3,1842,1842,1842.0,0.1095316410064697
8EAO,gcc,14,-Os,1542,1542,1542.0,0.0964272022247314
8EAO,gcc,14,-Ofast,1942,1942,1942.0,0.1084587574005127
8QDV,gcc,14,-O0,1457,1457,1457.0,0.0823800563812255
8QDV,gcc,14,-O1,1445,1445,1445.0,0.0896928310394287
8QDV,gcc,14,-O2,1439,1439,1439.0,0.0895767211914062
8QDV,gcc,14,-O3,1439,1439,1439.0,0.0908629894256591
8QDV,gcc,14,-Os,1432,1432,1432.0,0.0941674709320068
8QDV,gcc,14,-Ofast,1535,1535,1535.0,0.092519998550415
8V5V,gcc,14,-O0,1524,1524,1524.0,0.0835375785827636
8V5V,gcc,14,-O1,1604,1604,1604.0,0.0942878723144531
8V5V,gcc,14,-O2,1614,1614,1614.0,0.0528798103332519
8V5V,gcc,14,-O3,1614,1614,1614.0,0.0484206676483154
8V5V,gcc,14,-Os,1533,1533,1533.0,0.0526607036590576
8V5V,gcc,14,-Ofast,1710,1710,1710.0,0.0494277477264404
94B4,gcc,14,-O0,1532,1532,1532.0,0.0425689220428466
94B4,gcc,14,-O1,1572,1572,1572.0,0.0493535995483398
94B4,gcc,14,-O2,1597,1597,1597.0,0.051095962524414
94B4,gcc,14,-O3,1842,1842,1842.0,0.0559446811676025
94B4,gcc,14,-Os,1542,1542,1542.0,0.0474913120269775
94B4,gcc,14,-Ofast,1942,1942,1942.0,0.0587775707244873
9HR9,gcc,14,-O0,1450,1450,1450.0,0.0431723594665527
9HR9,gcc,14,-O1,1457,1457,1457.0,0.0461938381195068
9HR9,gcc,14,-O2,1433,1433,1433.0,0.0453128814697265
9HR9,gcc,14,-O3,1433,1433,1433.0,0.0463593006134033
9HR9,gcc,14,-Os,1426,1426,1426.0,0.04685640335083
9HR9,gcc,14,-Ofast,1529,1529,1529.0,0.0456626415252685
9OZ1,gcc,14,-O0,1450,1450,1450.0,0.0425505638122558
9OZ1,gcc,14,-O1,1457,1457,1457.0,0.0459876060485839
9OZ1,gcc,14,-O2,1433,1433,1433.0,0.045649766921997
9OZ1,gcc,14,-O3,1433,1433,1433.0,0.0496261119842529
9OZ1,gcc,14,-Os,1426,1426,1426.0,0.0445697307586669
9OZ1,gcc,14,-Ofast,1529,1529,1529.0,0.0457866191864013
A4NA,gcc,14,-O0,1532,1532,1532.0,0.0471472740173339
A4NA,gcc,14,-O1,1572,1572,1572.0,0.0503766536712646
A4NA,gcc,14,-O2,1597,1597,1597.0,0.0499646663665771
A4NA,gcc,14,-O3,1842,1842,1842.0,0.0545895099639892
A4NA,gcc,14,-Os,1542,1542,1542.0,0.0483677387237548
A4NA,gcc,14,-Ofast,1942,1942,1942.0,0.0541415214538574
AKFR,gcc,14,-O0,1450,1450,1450.0,0.0433626174926757
AKFR,gcc,14,-O1,1457,1457,1457.0,0.0464038848876953
AKFR,gcc,14,-O2,1433,1433,1433.0,0.0453646183013916
AKFR,gcc,14,-O3,1433,1433,1433.0,0.0464510917663574
AKFR,gcc,14,-Os,1426,1426,1426.0,0.0493011474609375
AKFR,gcc,14,-Ofast,1529,1529,1529.0,0.0463857650756835
AORU,gcc,14,-O0,1457,1457,1457.0,0.0420958995819091
AORU,gcc,14,-O1,1445,1445,1445.0,0.0467009544372558
AORU,gcc,14,-O2,1439,1439,1439.0,0.0898139476776123
AORU,gcc,14,-O3,1439,1439,1439.0,0.0934607982635498
AORU,gcc,14,-Os,1432,1432,1432.0,0.0964586734771728
AORU,gcc,14,-Ofast,1535,1535,1535.0,0.091935396194458
ASDD,gcc,14,-O0,1451,1451,1451.0,0.0815927982330322
ASDD,gcc,14,-O1,1444,1444,1444.0,0.0890984535217285
ASDD,gcc,14,-O2,1438,1438,1438.0,0.0948555469512939
ASDD,gcc,14,-O3,1438,1438,1438.0,0.0910615921020507
ASDD,gcc,14,-Os,1431,1431,1431.0,0.0885097980499267
ASDD,gcc,14,-Ofast,1534,1534,1534.0,0.0954678058624267
BI7R,gcc,14,-O0,1524,1524,1524.0,0.0832428932189941
BI7R,gcc,14,-O1,1604,1604,1604.0,0.0946235656738281
BI7R,gcc,14,-O2,1614,1614,1614.0,0.1198081970214843
BI7R,gcc,14,-O3,1614,1614,1614.0,0.1471133232116699
BI7R,gcc,14,-Os,1533,1533,1533.0,0.0947418212890625
BI7R,gcc,14,-Ofast,1710,1710,1710.0,0.1015222072601318
CGTI,gcc,14,-O0,1450,1450,1450.0,0.0860366821289062
CGTI,gcc,14,-O1,1457,1457,1457.0,0.0931851863861084
CGTI,gcc,14,-O2,1433,1433,1433.0,0.089263916015625
CGTI,gcc,14,-O3,1433,1433,1433.0,0.091503620147705
CGTI,gcc,14,-Os,1426,1426,1426.0,0.0909895896911621
CGTI,gcc,14,-Ofast,1529,1529,1529.0,0.0917413234710693
CJ40,gcc,14,-O0,1455,1455,1455.0,0.0833790302276611
CJ40,gcc,14,-O1,1447,1447,1447.0,0.0898888111114502
CJ40,gcc,14,-O2,1439,1439,1439.0,0.0915343761444091
CJ40,gcc,14,-O3,1439,1439,1439.0,0.0951101779937744
CJ40,gcc,14,-Os,1433,1433,1433.0,0.0905876159667968
CJ40,gcc,14,-Ofast,1535,1535,1535.0,0.0945558547973632
CJCM,gcc,14,-O0,1532,1532,1532.0,0.0872447490692138
CJCM,gcc,14,-O1,1572,1572,1572.0,0.0957300662994384
CJCM,gcc,14,-O2,1597,1597,1597.0,0.1000959873199462
CJCM,gcc,14,-O3,1842,1842,1842.0,0.1110968589782714
CJCM,gcc,14,-Os,1542,1542,1542.0,0.0986683368682861
CJCM,gcc,14,-Ofast,1942,1942,1942.0,0.1107289791107177
D0D8,gcc,14,-O0,1451,1451,1451.0,0.0882961750030517
D0D8,gcc,14,-O1,1441,1441,1441.0,0.0890114307403564
D0D8,gcc,14,-O2,1433,1433,1433.0,0.0695102214813232
D0D8,gcc,14,-O3,1433,1433,1433.0,0.0505223274230957
D0D8,gcc,14,-Os,1426,1426,1426.0,0.0457105636596679
D0D8,gcc,14,-Ofast,1529,1529,1529.0,0.0504026412963867
DUQ3,gcc,14,-O0,1450,1450,1450.0,0.0437178611755371
DUQ3,gcc,14,-O1,1457,1457,1457.0,0.0493025779724121
DUQ3,gcc,14,-O2,1433,1433,1433.0,0.0466730594635009
DUQ3,gcc,14,-O3,1433,1433,1433.0,0.0451395511627197
DUQ3,gcc,14,-Os,1426,1426,1426.0,0.0476741790771484
DUQ3,gcc,14,-Ofast,1529,1529,1529.0,0.0455284118652343
EFFK,gcc,14,-O0,1532,1532,1532.0,0.0422604084014892
EFFK,gcc,14,-O1,1572,1572,1572.0,0.0502605438232421
EFFK,gcc,14,-O2,1597,1597,1597.0,0.0509991645812988
EFFK,gcc,14,-O3,1842,1842,1842.0,0.0567834377288818
EFFK,gcc,14,-Os,1542,1542,1542.0,0.0510718822479248
EFFK,gcc,14,-Ofast,1942,1942,1942.0,0.0568885803222656
EQON,gcc,14,-O0,1524,1524,1524.0,0.0441064834594726
EQON,gcc,14,-O1,1604,1604,1604.0,0.0479028224945068
EQON,gcc,14,-O2,1614,1614,1614.0,0.0506496429443359
EQON,gcc,14,-O3,1614,1614,1614.0,0.0515642166137695
EQON,gcc,14,-Os,1533,1533,1533.0,0.0562570095062255
EQON,gcc,14,-Ofast,1710,1710,1710.0,0.0534801483154296
ET01,gcc,14,-O0,1532,1532,1532.0,0.042654275894165
ET01,gcc,14,-O1,1572,1572,1572.0,0.0489063262939453
ET01,gcc,14,-O2,1597,1597,1597.0,0.0524637699127197
ET01,gcc,14,-O3,1842,1842,1842.0,0.0578041076660156
ET01,gcc,14,-Os,1542,1542,1542.0,0.0514552593231201
ET01,gcc,14,-Ofast,1942,1942,1942.0,0.0554099082946777
EXHS,gcc,14,-O0,1532,1532,1532.0,0.0450174808502197
EXHS,gcc,14,-O1,1572,1572,1572.0,0.0502481460571289
EXHS,gcc,14,-O2,1597,1597,1597.0,0.0510835647583007
EXHS,gcc,14,-O3,1842,1842,1842.0,0.0594770908355712
EXHS,gcc,14,-Os,1542,1542,1542.0,0.0485138893127441
EXHS,gcc,14,-Ofast,1942,1942,1942.0,0.0595667362213134
F5SM,gcc,14,-O0,1455,1455,1455.0,0.0693461894989013
F5SM,gcc,14,-O1,1447,1447,1447.0,0.1003899574279785
F5SM,gcc,14,-O2,1439,1439,1439.0,0.092120885848999
F5SM,gcc,14,-O3,1439,1439,1439.0,0.0925335884094238
F5SM,gcc,14,-Os,1433,1433,1433.0,0.0909719467163086
F5SM,gcc,14,-Ofast,1535,1535,1535.0,0.0940790176391601
FUMP,gcc,14,-O0,1455,1455,1455.0,0.0816478729248046
FUMP,gcc,14,-O1,1447,1447,1447.0,0.0906422138214111
FUMP,gcc,14,-O2,1439,1439,1439.0,0.0917222499847412
FUMP,gcc,14,-O3,1439,1439,1439.0,0.0915586948394775
FUMP,gcc,14,-Os,1433,1433,1433.0,0.0890564918518066
FUMP,gcc,14,-Ofast,1535,1535,1535.0,0.0926578044891357
H5DZ,gcc,14,-O0,1450,1450,1450.0,0.0795671939849853
H5DZ,gcc,14,-O1,1457,1457,1457.0,0.0951695442199707
H5DZ,gcc,14,-O2,1433,1433,1433.0,0.0932962894439697
H5DZ,gcc,14,-O3,1433,1433,1433.0,0.0920147895812988
H5DZ,gcc,14,-Os,1426,1426,1426.0,0.0873119831085205
H5DZ,gcc,14,-Ofast,1529,1529,1529.0,0.0929048061370849
HHP4,gcc,14,-O0,1451,1451,1451.0,0.0423498153686523
HHP4,gcc,14,-O1,1441,1441,1441.0,0.049983263015747
HHP4,gcc,14,-O2,1433,1433,1433.0,0.0460550785064697
HHP4,gcc,14,-O3,1433,1433,1433.0,0.0495221614837646
HHP4,gcc,14,-Os,1426,1426,1426.0,0.0444583892822265
HHP4,gcc,14,-Ofast,1529,1529,1529.0,0.04622483253479
IPBV,gcc,14,-O0,1450,1450,1450.0,0.0429494380950927
IPBV,gcc,14,-O1,1457,1457,1457.0,0.0485420227050781
IPBV,gcc,14,-O2,1433,1433,1433.0,0.0482194423675537
IPBV,gcc,14,-O3,1433,1433,1433.0,0.0475904941558837
IPBV,gcc,14,-Os,1426,1426,1426.0,0.0482969284057617
IPBV,gcc,14,-Ofast,1529,1529,1529.0,0.0475163459777832
IUOP,gcc,14,-O0,1455,1455,1455.0,0.04179048538208
IUOP,gcc,14,-O1,1447,1447,1447.0,0.0489003658294677
IUOP,gcc,14,-O2,1439,1439,1439.0,0.0469577312469482
IUOP,gcc,14,-O3,1439,1439,1439.0,0.048121690750122
IUOP,gcc,14,-Os,1433,1433,1433.0,0.0473067760467529
IUOP,gcc,14,-Ofast,1535,1535,1535.0,0.0489428043365478
IWCD,gcc,14,-O0,1532,1532,1532.0,0.0441467761993408
IWCD,gcc,14,-O1,1572,1572,1572.0,0.0528576374053955
IWCD,gcc,14,-O2,1597,1597,1597.0,0.0530886650085449
IWCD,gcc,14,-O3,1842,1842,1842.0,0.054319143295288
IWCD,gcc,14,-Os,1542,1542,1542.0,0.0516769886016845
IWCD,gcc,14,-Ofast,1942,1942,1942.0,0.0564486980438232
L9RB,gcc,14,-O0,1524,1524,1524.0,0.0440349578857421
L9RB,gcc,14,-O1,1604,1604,1604.0,0.049356460571289
L9RB,gcc,14,-O2,1614,1614,1614.0,0.0500357151031494
L9RB,gcc,14,-O3,1614,1614,1614.0,0.0528316497802734
L9RB,gcc,14,-Os,1533,1533,1533.0,0.04986572265625
L9RB,gcc,14,-Ofast,1710,1710,1710.0,0.0544452667236328
MIJX,gcc,14,-O0,1524,1524,1524.0,0.0435495376586914
MIJX,gcc,14,-O1,1604,1604,1604.0,0.0537078380584716
MIJX,gcc,14,-O2,1614,1614,1614.0,0.0528755187988281
MIJX,gcc,14,-O3,1614,1614,1614.0,0.0521190166473388
MIJX,gcc,14,-Os,1533,1533,1533.0,0.0623309612274169
MIJX,gcc,14,-Ofast,1710,1710,1710.0,0.0999689102172851
MIOK,gcc,14,-O0,1455,1455,1455.0,0.0820996761322021
MIOK,gcc,14,-O1,1447,1447,1447.0,0.0898737907409668
MIOK,gcc,14,-O2,1439,1439,1439.0,0.0902483463287353
MIOK,gcc,14,-O3,1439,1439,1439.0,0.0919761657714843
MIOK,gcc,14,-Os,1433,1433,1433.0,0.0891258716583252
MIOK,gcc,14,-Ofast,1535,1535,1535.0,0.1170196533203125
MYAY,gcc,14,-O0,1451,1451,1451.0,0.0884180068969726
MYAY,gcc,14,-O1,1444,1444,1444.0,0.0888607501983642
MYAY,gcc,14,-O2,1438,1438,1438.0,0.0949673652648925
MYAY,gcc,14,-O3,1438,1438,1438.0,0.0951983928680419
MYAY,gcc,14,-Os,1431,1431,1431.0,0.0897891521453857
MYAY,gcc,14,-Ofast,1534,1534,1534.0,0.092811107635498
NPKS,gcc,14,-O0,1451,1451,1451.0,0.085113525390625
NPKS,gcc,14,-O1,1444,1444,1444.0,0.0931191444396972
NPKS,gcc,14,-O2,1438,1438,1438.0,0.0936713218688964
NPKS,gcc,14,-O3,1438,1438,1438.0,0.0945658683776855
NPKS,gcc,14,-Os,1431,1431,1431.0,0.0905227661132812
NPKS,gcc,14,-Ofast,1534,1534,1534.0,0.0958707332611084
OP63,gcc,14,-O0,1451,1451,1451.0,0.0519313812255859
OP63,gcc,14,-O1,1444,1444,1444.0,0.046905517578125
OP63,gcc,14,-O2,1438,1438,1438.0,0.0495333671569824
OP63,gcc,14,-O3,1438,1438,1438.0,0.0468385219573974
OP63,gcc,14,-Os,1431,1431,1431.0,0.0490703582763671
OP63,gcc,14,-Ofast,1534,1534,1534.0,0.0477843284606933
PB0N,gcc,14,-O0,1457,1457,1457.0,0.0442850589752197
PB0N,gcc,14,-O1,1445,1445,1445.0,0.0438454151153564
PB0N,gcc,14,-O2,1439,1439,1439.0,0.0472311973571777
PB0N,gcc,14,-O3,1439,1439,1439.0,0.0460076332092285
PB0N,gcc,14,-Os,1432,1432,1432.0,0.048668622970581
PB0N,gcc,14,-Ofast,1535,1535,1535.0,0.0466115474700927
PZBU,gcc,14,-O0,1457,1457,1457.0,0.0437774658203125
PZBU,gcc,14,-O1,1445,1445,1445.0,0.0455598831176757
PZBU,gcc,14,-O2,1439,1439,1439.0,0.0494251251220703
PZBU,gcc,14,-O3,1439,1439,1439.0,0.0486915111541748
PZBU,gcc,14,-Os,1432,1432,1432.0,0.0457980632781982
PZBU,gcc,14,-Ofast,1535,1535,1535.0,0.0483579635620117
Q3FR,gcc,14,-O0,1451,1451,1451.0,0.0425679683685302
Q3FR,gcc,14,-O1,1441,1441,1441.0,0.0565936565399169
Q3FR,gcc,14,-O2,1433,1433,1433.0,0.0467586517333984
Q3FR,gcc,14,-O3,1433,1433,1433.0,0.0507979393005371
Q3FR,gcc,14,-Os,1426,1426,1426.0,0.0463511943817138
Q3FR,gcc,14,-Ofast,1529,1529,1529.0,0.049464464187622
QTP1,gcc,14,-O0,1457,1457,1457.0,0.0432298183441162
QTP1,gcc,14,-O1,1445,1445,1445.0,0.0461583137512207
QTP1,gcc,14,-O2,1439,1439,1439.0,0.0490534305572509
QTP1,gcc,14,-O3,1439,1439,1439.0,0.0477468967437744
QTP1,gcc,14,-Os,1432,1432,1432.0,0.0467755794525146
QTP1,gcc,14,-Ofast,1535,1535,1535.0,0.051279067993164
RNVO,gcc,14,-O0,1457,1457,1457.0,0.0468418598175048
RNVO,gcc,14,-O1,1445,1445,1445.0,0.0491547584533691
RNVO,gcc,14,-O2,1439,1439,1439.0,0.0479159355163574
RNVO,gcc,14,-O3,1439,1439,1439.0,0.0498528480529785
RNVO,gcc,14,-Os,1432,1432,1432.0,0.0460002422332763
RNVO,gcc,14,-Ofast,1535,1535,1535.0,0.0831146240234375
RQAI,gcc,14,-O0,1450,1450,1450.0,0.0829055309295654
RQAI,gcc,14,-O1,1457,1457,1457.0,0.0926356315612793
RQAI,gcc,14,-O2,1433,1433,1433.0,0.0938436985015869
RQAI,gcc,14,-O3,1433,1433,1433.0,0.0904469490051269
RQAI,gcc,14,-Os,1426,1426,1426.0,0.088468313217163
RQAI,gcc,14,-Ofast,1529,1529,1529.0,0.0897865295410156
RVYG,gcc,14,-O0,1455,1455,1455.0,0.0819215774536132
RVYG,gcc,14,-O1,1447,1447,1447.0,0.0890965461730957
RVYG,gcc,14,-O2,1439,1439,1439.0,0.0925779342651367
RVYG,gcc,14,-O3,1439,1439,1439.0,0.0942721366882324
RVYG,gcc,14,-Os,1433,1433,1433.0,0.0904836654663086
RVYG,gcc,14,-Ofast,1535,1535,1535.0,0.0938410758972168
S4J3,gcc,14,-O0,1455,1455,1455.0,0.0850903987884521
S4J3,gcc,14,-O1,1447,1447,1447.0,0.0917437076568603
S4J3,gcc,14,-O2,1439,1439,1439.0,0.0934312343597412
S4J3,gcc,14,-O3,1439,1439,1439.0,0.0939023494720459
S4J3,gcc,14,-Os,1433,1433,1433.0,0.0923993587493896
S4J3,gcc,14,-Ofast,1535,1535,1535.0,0.0951457023620605
SB9G,gcc,14,-O0,1532,1532,1532.0,0.0827748775482177
SB9G,gcc,14,-O1,1572,1572,1572.0,0.0516016483306884
SB9G,gcc,14,-O2,1597,1597,1597.0,0.0536863803863525
SB9G,gcc,14,-O3,1842,1842,1842.0,0.0550262928009033
SB9G,gcc,14,-Os,1542,1542,1542.0,0.0534794330596923
SB9G,gcc,14,-Ofast,1942,1942,1942.0,0.0577507019042968
T3LQ,gcc,14,-O0,1455,1455,1455.0,0.0430300235748291
T3LQ,gcc,14,-O1,1447,1447,1447.0,0.0479960441589355
T3LQ,gcc,14,-O2,1439,1439,1439.0,0.0468850135803222
T3LQ,gcc,14,-O3,1439,1439,1439.0,0.050541877746582
T3LQ,gcc,14,-Os,1433,1433,1433.0,0.0474963188171386
T3LQ,gcc,14,-Ofast,1535,1535,1535.0,0.0496654510498046
T7JY,gcc,14,-O0,1451,1451,1451.0,0.0412931442260742
T7JY,gcc,14,-O1,1444,1444,1444.0,0.0484118461608886
T7JY,gcc,14,-O2,1438,1438,1438.0,0.0466339588165283
T7JY,gcc,14,-O3,1438,1438,1438.0,0.0485448837280273
T7JY,gcc,14,-Os,1431,1431,1431.0,0.0534543991088867
T7JY,gcc,14,-Ofast,1534,1534,1534.0,0.0457191467285156
U70P,gcc,14,-O0,1451,1451,1451.0,0.0462398529052734
U70P,gcc,14,-O1,1444,1444,1444.0,0.0480830669403076
U70P,gcc,14,-O2,1438,1438,1438.0,0.0454378128051757
U70P,gcc,14,-O3,1438,1438,1438.0,0.0501749515533447
U70P,gcc,14,-Os,1431,1431,1431.0,0.0434763431549072
U70P,gcc,14,-Ofast,1534,1534,1534.0,0.0483064651489257
UD8M,gcc,14,-O0,1457,1457,1457.0,0.0418422222137451
UD8M,gcc,14,-O1,1445,1445,1445.0,0.0485858917236328
UD8M,gcc,14,-O2,1439,1439,1439.0,0.0457954406738281
UD8M,gcc,14,-O3,1439,1439,1439.0,0.0534512996673584
UD8M,gcc,14,-Os,1432,1432,1432.0,0.0484278202056884
UD8M,gcc,14,-Ofast,1535,1535,1535.0,0.048356294631958
UNL3,gcc,14,-O0,1457,1457,1457.0,0.0437021255493164
UNL3,gcc,14,-O1,1445,1445,1445.0,0.0459761619567871
UNL3,gcc,14,-O2,1439,1439,1439.0,0.0487654209136962
UNL3,gcc,14,-O3,1439,1439,1439.0,0.0463526248931884
UNL3,gcc,14,-Os,1432,1432,1432.0,0.051300048828125
UNL3,gcc,14,-Ofast,1535,1535,1535.0,0.0912051200866699
V0BZ,gcc,14,-O0,1451,1451,1451.0,0.0813450813293457
V0BZ,gcc,14,-O1,1444,1444,1444.0,0.0884006023406982
V0BZ,gcc,14,-O2,1438,1438,1438.0,0.0912518501281738
V0BZ,gcc,14,-O3,1438,1438,1438.0,0.0905699729919433
V0BZ,gcc,14,-Os,1431,1431,1431.0,0.0910089015960693
V0BZ,gcc,14,-Ofast,1534,1534,1534.0,0.0914759635925293
VEUW,gcc,14,-O0,1532,1532,1532.0,0.0810592174530029
VEUW,gcc,14,-O1,1572,1572,1572.0,0.0925383567810058
VEUW,gcc,14,-O2,1597,1597,1597.0,0.09969162940979
VEUW,gcc,14,-O3,1842,1842,1842.0,0.1112575531005859
VEUW,gcc,14,-Os,1542,1542,1542.0,0.0967111587524414
VEUW,gcc,14,-Ofast,1942,1942,1942.0,0.1127731800079345
WDBX,gcc,14,-O0,1532,1532,1532.0,0.0812625885009765
WDBX,gcc,14,-O1,1572,1572,1572.0,0.0934617519378662
WDBX,gcc,14,-O2,1597,1597,1597.0,0.0993463993072509
WDBX,gcc,14,-O3,1842,1842,1842.0,0.1125268936157226
WDBX,gcc,14,-Os,1542,1542,1542.0,0.0956854820251464
WDBX,gcc,14,-Ofast,1942,1942,1942.0,0.1140370368957519
X0BX,gcc,14,-O0,1532,1532,1532.0,0.0840098857879638
X0BX,gcc,14,-O1,1572,1572,1572.0,0.0949928760528564
X0BX,gcc,14,-O2,1597,1597,1597.0,0.1002135276794433
X0BX,gcc,14,-O3,1842,1842,1842.0,0.1110954284667968
X0BX,gcc,14,-Os,1542,1542,1542.0,0.0969331264495849
X0BX,gcc,14,-Ofast,1942,1942,1942.0,0.1111149787902832
XBPF,gcc,14,-O0,1455,1455,1455.0,0.0843784809112548
XBPF,gcc,14,-O1,1447,1447,1447.0,0.0906512737274169
XBPF,gcc,14,-O2,1439,1439,1439.0,0.0921099185943603
XBPF,gcc,14,-O3,1439,1439,1439.0,0.0933670997619628
XBPF,gcc,14,-Os,1433,1433,1433.0,0.0901784896850586
XBPF,gcc,14,-Ofast,1535,1535,1535.0,0.0961925983428955
XCGG,gcc,14,-O0,1451,1451,1451.0,0.0460948944091796
XCGG,gcc,14,-O1,1444,1444,1444.0,0.0462841987609863
XCGG,gcc,14,-O2,1438,1438,1438.0,0.0474345684051513
XCGG,gcc,14,-O3,1438,1438,1438.0,0.0481209754943847
XCGG,gcc,14,-Os,1431,1431,1431.0,0.0461025238037109
XCGG,gcc,14,-Ofast,1534,1534,1534.0,0.047882080078125
XP7M,gcc,14,-O0,1457,1457,1457.0,0.0441186428070068
XP7M,gcc,14,-O1,1445,1445,1445.0,0.0483121871948242
XP7M,gcc,14,-O2,1439,1439,1439.0,0.0463809967041015
XP7M,gcc,14,-O3,1439,1439,1439.0,0.0491700172424316
XP7M,gcc,14,-Os,1432,1432,1432.0,0.0464646816253662
XP7M,gcc,14,-Ofast,1535,1535,1535.0,0.0486938953399658
XVWV,gcc,14,-O0,1455,1455,1455.0,0.04327392578125
XVWV,gcc,14,-O1,1447,1447,1447.0,0.0487246513366699
XVWV,gcc,14,-O2,1439,1439,1439.0,0.0479626655578613
XVWV,gcc,14,-O3,1439,1439,1439.0,0.0467438697814941
XVWV,gcc,14,-Os,1433,1433,1433.0,0.0504662990570068
XVWV,gcc,14,-Ofast,1535,1535,1535.0,0.0480973720550537
YS9U,gcc,14,-O0,1451,1451,1451.0,0.0701353549957275
YS9U,gcc,14,-O1,1444,1444,1444.0,0.0474090576171875
YS9U,gcc,14,-O2,1438,1438,1438.0,0.046025276184082
YS9U,gcc,14,-O3,1438,1438,1438.0,0.0486748218536376
YS9U,gcc,14,-Os,1431,1431,1431.0,0.0476951599121093
YS9U,gcc,14,-Ofast,1534,1534,1534.0,0.0477018356323242
Z9PB,gcc,14,-O0,1532,1532,1532.0,0.0441415309906005
Z9PB,gcc,14,-O1,1572,1572,1572.0,0.0534055233001709
Z9PB,gcc,14,-O2,1597,1597,1597.0,0.0515909194946289
Z9PB,gcc,14,-O3,1842,1842,1842.0,0.0535376071929931
Z9PB,gcc,14,-Os,1542,1542,1542.0,0.0510003566741943
Z9PB,gcc,14,-Ofast,1942,1942,1942.0,0.0573675632476806
ZMQZ,gcc,14,-O0,1451,1451,1451.0,0.0415887832641601
ZMQZ,gcc,14,-O1,1441,1441,1441.0,0.0455784797668457
ZMQZ,gcc,14,-O2,1433,1433,1433.0,0.0913710594177246
ZMQZ,gcc,14,-O3,1433,1433,1433.0,0.0925421714782714
ZMQZ,gcc,14,-Os,1426,1426,1426.0,0.0889511108398437
ZMQZ,gcc,14,-Ofast,1529,1529,1529.0,0.0940527915954589
ZTQC,gcc,14,-O0,1451,1451,1451.0,0.0824470520019531
ZTQC,gcc,14,-O1,1441,1441,1441.0,0.0888752937316894
ZTQC,gcc,14,-O2,1433,1433,1433.0,0.0909128189086914
ZTQC,gcc,14,-O3,1433,1433,1433.0,0.0912652015686035
ZTQC,gcc,14,-Os,1426,1426,1426.0,0.0907392501831054
ZTQC,gcc,14,-Ofast,1529,1529,1529.0,0.115659475326538
ZU0I,gcc,14,-O0,1451,1451,1451.0,0.0792748928070068
ZU0I,gcc,14,-O1,1444,1444,1444.0,0.0909481048583984
ZU0I,gcc,14,-O2,1438,1438,1438.0,0.0904459953308105
ZU0I,gcc,14,-O3,1438,1438,1438.0,0.0935328006744384
ZU0I,gcc,14,-Os,1431,1431,1431.0,0.0894596576690673
ZU0I,gcc,14,-Ofast,1534,1534,1534.0,0.09044837951660156
