Class,Program,Entry,cpu-cycles,instructions,cache-references,cache-misses,branch-instructions,branch-misses,page-faults,branch-loads,branch-load-misses,L1-dcache-loads,L1-dcache-load-misses,L1-dcache-stores,L1-icache-load-misses,LLC-loads,LLC-stores,LLC-store-misses,dTLB-loads,dTLB-store-misses
1636-Coin_Combinations_II,691289.cpp,entry2.txt,5897462864,16184757502,67173262,38093184,1689792999,434563,99786,1696380855,392027,5200461604,32881222,3287843747,5118209,1880986,7569666,6983028,5176186604,1850851
1636-Coin_Combinations_II,691289.cpp,entry6.txt,7529288100,21085824101,60885259,35051374,2114260755,462951,99786,2114466680,426772,6595004356,30287479,4215997494,6205226,1671854,7528642,7084123,6595812580,1874676
1636-Coin_Combinations_II,691289.cpp,entry5.txt,7549184627,21048568492,62319986,36593817,2112344282,484417,99786,2120166525,435582,6599025445,30459284,4220078908,6277232,1667416,7535839,7014484,6589747187,1852593
1636-Coin_Combinations_II,691289.cpp,entry3.txt,7481310642,21069914130,60828134,36299521,2112231575,464218,99788,2112866496,419018,6596240222,30172839,4228180149,6108844,1576760,7371120,6937634,6595027017,1865166
1636-Coin_Combinations_II,691289.cpp,entry4.txt,7390472335,20638589095,73161111,37947037,2074244883,461243,99787,2072246820,421444,6436546192,36000276,4114897747,6229892,2113426,7549522,6899367,6468401308,1822368
1636-Coin_Combinations_II,691289.cpp,entry1.txt,7521383172,21034057026,61123950,35769584,2111055588,460127,99787,2121756203,419543,6627276708,30544179,4233665394,6421165,1707700,7394910,6751114,6561474256,1868855
1636-Coin_Combinations_II,3617839.cpp,entry2.txt,508190274,1659760647,27898569,11691057,53666434,70138,2077,54629824,30969,680758551,12421703,100751277,813259,289992,193409,153840,680691404,31921
1636-Coin_Combinations_II,3617839.cpp,entry6.txt,1018832746,3454419232,30110832,15404664,105632373,78840,2078,105581610,35263,1408249084,13228484,207382454,873489,380276,201167,136933,1432477123,74559
1636-Coin_Combinations_II,3617839.cpp,entry5.txt,1027701335,3435749058,29725703,15860386,105611634,83674,2078,106631963,39379,1413368997,13161753,206904595,896808,363784,193236,134280,1409516900,75692
1636-Coin_Combinations_II,3617839.cpp,entry3.txt,1010009080,3439066950,30056725,14359711,106214423,92662,2078,106247701,65378,1416220771,13207202,206483180,845776,341426,206051,128120,1425894786,74121
1636-Coin_Combinations_II,3617839.cpp,entry4.txt,974047000,3264106426,49723704,15970569,100577643,80451,2077,101013216,41121,1337290733,24068755,197697008,900994,567824,189575,124049,1350451419,74133
1636-Coin_Combinations_II,3617839.cpp,entry1.txt,1028444568,3437029305,29782212,15393297,106472421,88992,2077,106907738,42005,1401917970,13117042,207697811,932884,361371,199897,130035,1428808345,74660
1636-Coin_Combinations_II,5602065.cpp,entry2.txt,22800837,21582177,566706,231541,3617514,53702,2178,4019429,33708,5221970,223065,3834237,420341,28351,163012,200489,5505633,10575
1636-Coin_Combinations_II,5602065.cpp,entry6.txt,20928542,19009806,449894,251792,3555679,47610,2178,4018176,27356,6417371,207770,3728477,665454,4118,195708,196270,5231845,10413
1636-Coin_Combinations_II,5602065.cpp,entry5.txt,22874690,21662258,592631,315528,4097028,52053,2178,4103921,19063,5386780,216279,3447694,614431,11324,205441,209985,5672992,10749
1636-Coin_Combinations_II,5602065.cpp,entry3.txt,22958190,21112894,557019,280652,4025557,49770,2177,4085183,23835,6094548,257063,3676059,462833,11880,204431,204081,5496068,10692
1636-Coin_Combinations_II,5602065.cpp,entry4.txt,21605348,19424385,574833,259767,3778923,49675,2177,3999431,21218,5058850,213526,3393956,450976,37543,127046,197435,5240066,9808
1636-Coin_Combinations_II,5602065.cpp,entry1.txt,22052823,20326020,492650,260123,3854807,49790,2178,3977917,29946,5361320,228860,3924428,366876,43643,162613,182144,4895105,9857
1636-Coin_Combinations_II,3216342.cpp,entry2.txt,906255310,2457031882,13654570,3724767,250171144,66302,1107,251555233,29022,1043578838,5878242,252358273,440097,217846,101186,74349,1040172827,10155
1636-Coin_Combinations_II,3216342.cpp,entry6.txt,3332482693,4258204685,16899243,9103634,305480345,47638295,1106,306748353,47669488,1565108416,7198606,356271891,1597300,449768,179554,80857,1553282648,20043
1636-Coin_Combinations_II,3216342.cpp,entry5.txt,3332100039,4254556814,16941631,9435629,307719796,47693947,1107,307314936,47608053,1554942365,7155809,354940119,1573506,421203,191765,90174,1552101578,20546
1636-Coin_Combinations_II,3216342.cpp,entry3.txt,3315513970,4243635295,16861641,9453344,307058391,47423620,1108,308833302,47590120,1563664498,7212970,355013369,1429104,382828,181128,81034,1549873303,19284
1636-Coin_Combinations_II,3216342.cpp,entry4.txt,2771353939,4153200272,26374224,8832888,306599305,35641851,1107,299646872,35817987,1486983405,12043603,333271417,1260435,575477,158883,77132,1445892750,18745
1636-Coin_Combinations_II,3216342.cpp,entry1.txt,3323286227,4267932226,16779884,9312722,306095431,47675130,1106,306257066,47761792,1562085584,7214970,356540833,1611749,409189,211962,109864,1551063405,16957
1636-Coin_Combinations_II,8269354.cpp,entry2.txt,1951618588,6229117389,30415249,15405241,696532390,146767,2089,704633073,101142,2196578156,12028414,1180662938,885941,465918,190590,104042,2105251649,48310
1636-Coin_Combinations_II,8269354.cpp,entry6.txt,3207622407,10045388710,31739220,19162608,1006307214,124234,2088,1007406405,85661,3309314240,13641000,1901470841,1473279,974805,248502,89889,3325877329,107630
1636-Coin_Combinations_II,8269354.cpp,entry5.txt,3233584731,10096778610,32501323,19573774,1009625603,135055,2088,1004457530,90717,3296428890,13452289,1893427532,1687943,1012689,270837,112138,3334184636,109793
1636-Coin_Combinations_II,8269354.cpp,entry3.txt,3212388049,10057647509,32262039,19339995,1003311387,118091,2089,998384052,79437,3286518106,13612714,1904402686,1477440,1032973,241536,93394,3337406921,109187
1636-Coin_Combinations_II,8269354.cpp,entry4.txt,3052310711,9673308949,52993476,20860285,972071092,141193,2088,971088818,98642,3191166630,24540983,1835875307,1360296,774496,255860,99069,3205529913,103820
1636-Coin_Combinations_II,8269354.cpp,entry1.txt,3205841846,10042710448,31921700,19304653,1013225436,125558,2087,1015090388,78326,3328521919,13437100,1899278172,1433388,1030383,273124,127133,3298844226,108964
1636-Coin_Combinations_II,1628906.cpp,entry2.txt,4485297,3273362,205301,72921,753538,20474,128,729959,18926,1098207,<not counted>,<not counted>,<not counted>,<not counted>,<not counted>,<not counted>,<not counted>,<not counted>
1636-Coin_Combinations_II,1628906.cpp,entry6.txt,4476670,3201132,207293,90300,744219,20192,125,677867,17091,1099085,<not counted>,<not counted>,<not counted>,<not counted>,<not counted>,<not counted>,<not counted>,<not counted>
1636-Coin_Combinations_II,1628906.cpp,entry5.txt,4624052,3315592,223447,85477,756751,20215,126,756922,15669,999489,<not counted>,<not counted>,<not counted>,<not counted>,<not counted>,<not counted>,<not counted>,<not counted>
1636-Coin_Combinations_II,1628906.cpp,entry3.txt,4015990,2969444,210452,55980,750253,21638,126,856020,18927,1073372,61783,432969,<not counted>,<not counted>,<not counted>,<not counted>,<not counted>,<not counted>
1636-Coin_Combinations_II,8629046.cpp,entry2.txt,3385127200,6533406455,31122219,16869456,784994246,130185,2087,807432279,91484,2557760982,12736343,1388786799,1484924,761249,295750,121168,2439796274,20322
1636-Coin_Combinations_II,8629046.cpp,entry6.txt,6109583186,10908215446,33449054,21007656,1206783556,219013,2085,1210442687,173337,4031150004,14276695,2319059788,2650381,878711,299510,100394,4001848814,31338
1636-Coin_Combinations_II,8629046.cpp,entry5.txt,6147512396,10916370631,33548033,20593774,1207340035,196291,2085,1210288346,151598,4028991330,14175541,2315425090,2603135,909762,317263,105126,4011887383,28750
1636-Coin_Combinations_II,8629046.cpp,entry3.txt,6124357890,10956890585,34404565,21331596,1209033686,218235,2085,1210379064,171435,4016585592,14464794,2307293232,2931783,942107,366758,160804,4024295293,30484
1636-Coin_Combinations_II,8629046.cpp,entry4.txt,5896318488,10515010784,56241287,25939746,1169799480,198465,2086,1170103927,162871,3874010593,25215097,2219879685,2788064,1423107,344727,126500,3865882218,36458
1636-Coin_Combinations_II,8629046.cpp,entry1.txt,6138410459,10955770706,33286499,20794144,1207800515,203159,2085,1208820032,163299,4015764463,14205358,2309798365,2628922,931636,307743,97105,4027669222,28660
1636-Coin_Combinations_II,7170748.cpp,entry2.txt,1775499800,5377313484,28833268,14899429,493333989,120558,2079,489418639,86926,1833793940,12276612,772654827,741904,400915,197737,84086,1862909665,24446
1636-Coin_Combinations_II,7170748.cpp,entry6.txt,2838780073,9497904370,32112971,19536312,808407167,128699,2080,810010547,82572,3125418894,13473959,1505955573,1445618,788128,249061,93615,3096471348,85032
1636-Coin_Combinations_II,7170748.cpp,entry5.txt,2826891035,9526027434,31789646,19244721,801647303,124794,2079,801922007,81674,3124871106,13437569,1514223955,1224077,746783,250362,135416,3111917079,62584
1636-Coin_Combinations_II,7170748.cpp,entry3.txt,2838845125,9511791087,31374296,19081132,804613066,138610,2079,805125764,91734,3105521485,13547964,1506314327,1263088,810538,251887,93972,3120661948,58386
1636-Coin_Combinations_II,7170748.cpp,entry4.txt,2741993197,9160227316,52957333,20844264,774799418,134309,2078,774769308,82000,2996555590,24442415,1432955029,1297158,723932,249473,85414,3016925134,56277
1636-Coin_Combinations_II,7170748.cpp,entry1.txt,2864466084,9615072417,31914728,18822467,805573502,117491,2080,798887414,80582,3084555691,13445593,1497596767,1443112,818940,244631,99656,3145164861,59569
1636-Coin_Combinations_II,2233044.cpp,entry2.txt,2336808089,5306121768,105880091,63172100,366584107,5032898,7935,366800064,4997254,1712387488,48424870,485751215,1186044,1365413,2445503,1236451,1654940678,334963
1636-Coin_Combinations_II,2233044.cpp,entry6.txt,3841712611,10999956543,119615105,77946235,411934165,165888,7936,411993300,123461,3005813136,49969961,601037549,1881809,1125299,2444117,1508332,3007701754,379485
1636-Coin_Combinations_II,2233044.cpp,entry5.txt,3845013255,11065895101,116053231,75041479,408904266,160288,7936,409512120,116629,3014201734,51564888,620466306,2013248,1199843,2559182,1466553,3012935548,363682
1636-Coin_Combinations_II,2233044.cpp,entry3.txt,3814483609,10972131489,116959273,76176269,408344662,182686,7937,408181780,130300,2988517275,51330194,610391855,1792658,1110687,2519412,1430112,2990197599,359601
1636-Coin_Combinations_II,2233044.cpp,entry4.txt,3562514902,9895715878,135260590,76108459,401419306,1514295,7937,401618885,1273704,2753805169,60547111,572292163,1847902,1312453,2238648,1242552,2746604339,352738
1636-Coin_Combinations_II,2233044.cpp,entry1.txt,3809888106,10931558132,119332470,77132918,408166552,187135,7936,406404633,120712,2976493766,50544324,599308223,1933427,1137444,2457426,1496157,2989240907,375410
1636-Coin_Combinations_II,6667004.cpp,entry2.txt,2599444014,6828100334,15453692,7307544,796200455,104457,1104,791371359,68280,2466661803,6694344,1321562784,1113802,522690,151744,78657,2435518352,12357
1636-Coin_Combinations_II,6667004.cpp,entry6.txt,4540105811,10993583570,17579960,10140591,1202747079,169485,1105,1207422855,119988,3931778085,7419609,2218906067,1953558,549391,177221,65182,3907698349,16717
1636-Coin_Combinations_II,6667004.cpp,entry5.txt,4433881578,11064532788,17750333,10011533,1211804825,181517,1105,1208152824,111549,3911548801,7441626,2201723543,1958420,618942,239854,77959,3905337549,13255
1636-Coin_Combinations_II,6667004.cpp,entry3.txt,4423891657,10985295877,17308263,9884642,1200496016,145392,1104,1207806660,103923,3929661035,7490254,2214147892,1829461,602437,184038,70357,3912690054,16785
1636-Coin_Combinations_II,6667004.cpp,entry4.txt,4273994309,10575732111,27866451,10586270,1163918338,163632,1103,1170321250,118431,3783022331,12570198,2122119797,1890807,891163,215728,69951,3766660770,15924
1636-Coin_Combinations_II,6667004.cpp,entry1.txt,4453959558,11003398617,17456912,9863108,1200660386,177071,1104,1207724292,114398,3926732963,7449718,2216007963,2005092,576841,204468,80324,3915628026,16929
1636-Coin_Combinations_II,3205915.cpp,entry2.txt,2271518920,6105658391,37529374,18854070,448570610,460630,98763,449282011,407826,1968617786,19240898,532398559,4577761,1129785,6944153,6761373,1961190537,574368
1636-Coin_Combinations_II,3205915.cpp,entry6.txt,5250636652,8740197951,32673499,18978475,608229654,48004583,98764,608298940,48096785,2902323995,16854504,846675506,9686863,1302884,6939187,6731895,2895126693,564837
1636-Coin_Combinations_II,3205915.cpp,entry5.txt,5252681834,8741177275,33046444,18982066,607164031,48067429,98763,610186776,48062745,2900244536,16730478,844993373,9889035,1330867,6929659,6682096,2895292084,565308
1636-Coin_Combinations_II,3205915.cpp,entry3.txt,5206466505,8738197868,36177884,19677747,610488043,46401440,98765,610720538,46646028,2890773417,17859067,839468057,9969991,1496292,6978645,6707327,2894034199,565735
1636-Coin_Combinations_II,3205915.cpp,entry4.txt,3808188642,8329131943,46545263,17850345,590213808,17565330,98765,593932263,17351160,2770487042,23577382,800993570,6634897,1482410,6743137,6565459,2717949307,558723
1636-Coin_Combinations_II,3205915.cpp,entry1.txt,5212280846,8767116638,33413980,19133309,608412157,47220326,98763,608129560,47153797,2896414250,16944671,843655726,10216207,1376238,6992535,6691399,2890272450,562009
1636-Coin_Combinations_II,1623325.cpp,entry2.txt,6249338362,15819534125,67136837,38531793,1693163097,435506,99782,1700590614,403722,5246025031,33079239,3296617022,5974407,1883217,7633931,7012858,5210345920,1866927
1636-Coin_Combinations_II,1623325.cpp,entry6.txt,8322267270,20456700748,60915714,36061293,2109742803,478960,99781,2117553770,442902,6706951372,30603442,4223390360,6754479,1664876,7475914,6962768,6684990210,1885906
1636-Coin_Combinations_II,1623325.cpp,entry5.txt,8225203906,20490699233,60531277,35601166,2113192391,462292,99780,2116451938,432833,6702794346,30126099,4222947657,6083047,1631399,7648667,6951736,6687320993,1847115
1636-Coin_Combinations_II,1623325.cpp,entry3.txt,8261174851,20433111015,61058712,35957836,2113308580,475893,99782,2118592411,433086,6711060640,30153175,4221597233,6170200,1697024,7545085,6956100,6669125965,1886259
1636-Coin_Combinations_II,1623325.cpp,entry4.txt,8033190043,20031287230,73232198,38284798,2077628907,489755,99782,2079208932,455052,6553754644,36258606,4124079778,6323777,1978019,7536368,7033336,6542162566,1879622
1636-Coin_Combinations_II,1623325.cpp,entry1.txt,8294046355,20512060998,61544810,35178793,2121329123,479462,99781,2120523577,441483,6702543884,30398324,4212137558,6695994,1627192,7590247,6967011,6677274169,1866399
1636-Coin_Combinations_II,1096416.cpp,entry2.txt,1712572299,4909078085,30254610,15733506,488717372,115989,2084,491104035,72619,1863793445,12847657,783893704,927511,397171,173399,99116,1863698496,39030
1636-Coin_Combinations_II,1096416.cpp,entry6.txt,2858666660,8970349632,31693664,19304052,804225184,123431,2085,799859297,73041,3094722708,13354744,1505781011,1319080,766380,230836,89222,3129489926,95536
1636-Coin_Combinations_II,1096416.cpp,entry5.txt,2868899893,8975007268,31727223,19286916,812797240,113962,2084,809627979,76595,3091120305,13408768,1486056715,1437426,785602,218431,111129,3111250818,96305
1636-Coin_Combinations_II,1096416.cpp,entry3.txt,2859618064,8900101283,31739029,19232193,806307861,134890,2086,809773603,80551,3125660591,13591793,1509178681,1357578,769780,236433,97969,3113287480,93139
1636-Coin_Combinations_II,1096416.cpp,entry4.txt,2758260653,8534162137,52857062,20159248,772900102,117380,2086,772881365,76373,2998080947,24464574,1437181889,1586895,772954,250928,97693,2987463372,89207
1636-Coin_Combinations_II,1096416.cpp,entry1.txt,2860960787,8908527784,31482501,19193162,804410199,131028,2085,807892346,79328,3125522261,13445750,1511305883,1381200,795407,248643,98503,3110694530,94128
1636-Coin_Combinations_II,5964679.cpp,entry2.txt,3394314316,6787295454,30312112,16386948,790140744,130818,2085,779673279,93071,2478402665,13060946,1365749648,1650008,772239,267305,116299,2519333155,19267
1636-Coin_Combinations_II,5964679.cpp,entry6.txt,6111061840,10971831892,34243634,21218334,1214880624,215308,2085,1213639416,161943,4016852762,14195084,2299730845,2911313,904003,329563,112614,4014314999,28647
1636-Coin_Combinations_II,5964679.cpp,entry5.txt,6131504902,10939522854,33159232,20708128,1206443222,209000,2084,1209057225,170883,4015260831,14282431,2309094160,2743737,985443,311745,93579,4025748895,28413
1636-Coin_Combinations_II,5964679.cpp,entry3.txt,6120039826,10958521069,33334299,20861170,1208126173,183970,2086,1208679884,143063,4021002347,14417305,2306294602,2695197,941076,325574,131995,4027568835,31098
1636-Coin_Combinations_II,5964679.cpp,entry4.txt,5907281746,10536811860,56605412,25755529,1165650167,202747,2087,1169805706,167128,3871256529,25125694,2215647773,2862225,1426999,345923,99265,3879826193,29800
1636-Coin_Combinations_II,5964679.cpp,entry1.txt,6130257838,10953923872,33829947,21068758,1210260545,203586,2085,1211323249,167773,4013640177,14309591,2305379086,2837431,893558,300236,100623,4020423565,29262
1636-Coin_Combinations_II,3741569.cpp,entry2.txt,1611318935,4869342562,28249130,14531229,505611105,102351,2084,503002488,57953,2052895742,12523123,790049756,1115361,425807,168822,114221,2080989401,12254
1636-Coin_Combinations_II,3741569.cpp,entry6.txt,2323787500,7323287140,32317911,18701246,607033657,97445,2084,606958503,64606,3111476976,13281372,1104581186,1439318,529219,243780,142820,3096125817,16161
1636-Coin_Combinations_II,3741569.cpp,entry5.txt,2325774729,7352422405,31742824,18078737,603036143,107424,2084,601356178,64829,3103826790,13299316,1108224259,1464538,544323,244929,136451,3118442588,15292
1636-Coin_Combinations_II,3741569.cpp,entry3.txt,2331197915,7286861517,32115965,18110838,608236242,130772,2085,610207209,67915,3113892431,13573102,1101377628,1629492,524886,265221,167022,3087840025,18619
1636-Coin_Combinations_II,3741569.cpp,entry4.txt,2292568330,7098507149,51200939,19226699,595740453,118794,2085,593779743,70524,3001825318,24317540,1075272642,1411400,720560,217466,121037,3025289402,16820
1636-Coin_Combinations_II,3741569.cpp,entry1.txt,2337736361,7374139038,32138569,18460621,611195056,101481,2085,608839957,70318,3094032167,13231386,1091562880,1646716,551072,277052,180141,3107577156,23064
1636-Coin_Combinations_II,2146464.cpp,entry2.txt,1281061506,3488805775,29688906,14078247,204537699,96028,2084,209042504,53086,1482545941,12810882,198599070,996720,363234,175873,116887,1485570252,16661
1636-Coin_Combinations_II,2146464.cpp,entry6.txt,1721148548,5426709716,30848748,17446368,206013031,107642,2082,205515009,63204,2312816933,13739010,306573225,1272867,501761,202083,104675,2315751675,34305
1636-Coin_Combinations_II,2146464.cpp,entry5.txt,1722443978,5442247326,31015367,18000432,206610788,106141,2083,205816237,54706,2311674436,13114645,304473960,1301306,453435,213631,132799,2313100024,34928
1636-Coin_Combinations_II,2146464.cpp,entry3.txt,1720021655,5443387375,30892914,17212300,205824406,93019,2083,204519274,49659,2305800257,13204170,304214157,1195269,474073,194313,130972,2318546734,36059
1636-Coin_Combinations_II,2146464.cpp,entry4.txt,1684164678,5254804518,50180997,17931483,207243907,106845,2083,205779059,66109,2214562395,24524922,292643041,1069719,680900,182259,131374,2247102534,34722
1636-Coin_Combinations_II,2146464.cpp,entry1.txt,1728721054,5407438912,31226259,17452375,205605427,91130,2083,204998283,50126,2312955801,13151289,304851680,1177930,443594,184697,136686,2303534333,35041
1636-Coin_Combinations_II,244450.cpp,entry2.txt,1056980239,2858274258,13541704,4360122,345071848,102665,2069,342577658,69047,1236934744,6219457,379215051,531139,198481,110975,74024,1224554956,11670
1636-Coin_Combinations_II,244450.cpp,entry6.txt,3943010299,4913149698,17018642,9582089,553062844,48036336,2082,554590337,48067450,1909913264,7297920,706639497,1860541,552223,180125,72792,1905840667,23860
1636-Coin_Combinations_II,244450.cpp,entry5.txt,3933004555,4920631888,16942225,9461228,554928845,48147836,2084,556018700,48230336,1915301430,7210115,706704744,1796510,506325,183540,90104,1902392091,21613
1636-Coin_Combinations_II,244450.cpp,entry3.txt,3835556568,4932083037,17018023,9674459,554436491,46112088,2083,551272734,46162716,1899140930,7260322,701281348,1664192,457917,159940,51959,1913301284,18162
1636-Coin_Combinations_II,244450.cpp,entry4.txt,2415360632,4583532139,24715341,7851882,508605189,17944908,2084,520468866,17604972,1871000299,12160526,678340355,1227160,564322,178082,75712,1839178195,17496
1636-Coin_Combinations_II,244450.cpp,entry1.txt,3910158623,4902240626,17438349,9443127,553466460,47550974,2083,556097164,47574869,1921209507,7330956,707190436,1936139,543608,194180,80490,1901642665,21822
1636-Coin_Combinations_II,5524738.cpp,entry2.txt,1948733865,4716730209,29679262,15400363,490209510,102749,2086,491126121,58944,1664106151,12510927,722959806,926449,425921,208823,96577,1676236557,13083
1636-Coin_Combinations_II,5524738.cpp,entry6.txt,3346657935,8500415433,32493742,19536472,807412780,135805,2085,810958972,103665,2829460874,13704550,1412596520,1573720,921166,248233,79497,2805981028,15906
1636-Coin_Combinations_II,5524738.cpp,entry5.txt,3326461138,8489728896,32320289,19771707,803696754,128560,2085,809092439,84041,2825381532,13515483,1414201438,1483084,930045,204409,114416,2805713518,17889
1636-Coin_Combinations_II,5524738.cpp,entry3.txt,3333787248,8543818670,32955600,19805293,809869444,125261,2086,808222120,93965,2814266532,13792829,1404646367,1732429,978515,234692,100489,2810717580,16506
1636-Coin_Combinations_II,5524738.cpp,entry4.txt,3279021047,8163109302,51471765,21132633,775021496,138591,2086,776226319,95911,2696628441,24452854,1341733804,1460355,910397,281799,100451,2702489594,16424
1636-Coin_Combinations_II,5524738.cpp,entry1.txt,3378111494,8517691761,32270869,19748605,801853299,132827,2086,799384643,100532,2794838611,13522101,1412386221,1503417,944137,225011,97316,2821875139,15625
1636-Coin_Combinations_II,7074246.cpp,entry2.txt,1734463392,5791726925,26827581,13027132,517086122,114957,4003,510820551,69727,1827896159,12363243,784302362,847206,396027,175372,176833,1817353642,18436
1636-Coin_Combinations_II,7074246.cpp,entry6.txt,2658363009,8772933595,31748945,18886240,604879255,136488,4032,609368200,87730,2624671491,13269474,1112809080,1295173,576927,218110,115045,2607634093,22692
1636-Coin_Combinations_II,7074246.cpp,entry5.txt,2685255901,8803955974,31665159,18602097,604979952,126903,4033,608004047,80607,2614817151,13197938,1104018482,1242117,616941,230805,130864,2621085428,23226
1636-Coin_Combinations_II,7074246.cpp,entry3.txt,2649092531,8846182554,32006011,18461483,605725012,142397,4032,606487784,117640,2593333259,13583578,1105505182,1422758,588733,229136,124684,2606272614,23573
1636-Coin_Combinations_II,7074246.cpp,entry4.txt,2559657638,8542064578,51351480,19599265,597386344,133444,4033,596014740,82104,2544536460,24047679,1074830799,1233369,699996,224678,141574,2525826167,22789
1636-Coin_Combinations_II,7074246.cpp,entry1.txt,2644057231,8836396609,31546055,18537430,607185343,123046,4032,608050937,90945,2602768206,13301299,1100826808,1423111,608508,237349,138196,2609987608,23104
1636-Coin_Combinations_II,5445938.cpp,entry2.txt,1784049952,5773053043,29001373,14735611,496769530,120543,4002,511221839,73571,1856106876,11345004,804180057,929887,397869,198680,157556,1817610402,18145
1636-Coin_Combinations_II,5445938.cpp,entry6.txt,2716932791,8842838662,31840997,18638064,606158732,124665,4032,605955709,81495,2605250546,13219260,1102991662,1322667,606911,271272,144326,2612434666,22245
1636-Coin_Combinations_II,5445938.cpp,entry5.txt,2762426397,8813032086,31794253,18819481,609518450,142831,4033,608451827,106458,2616291135,13419960,1110809512,1594438,588768,253941,122739,2586147853,22982
1636-Coin_Combinations_II,5445938.cpp,entry3.txt,2721206498,8824077156,32388626,18820391,605561703,131569,4032,606617764,88284,2614596844,13546852,1105385559,1479083,599020,268793,122367,2608225294,20874
1636-Coin_Combinations_II,5445938.cpp,entry4.txt,2618399035,8501031380,51804598,19784766,596520954,123661,4034,596337662,78514,2531100742,24099517,1079767397,1244170,709570,252111,156468,2516419898,23745
1636-Coin_Combinations_II,5445938.cpp,entry1.txt,2719208848,8816925253,31497645,18840215,604000695,139597,4032,606450149,98223,2605807461,13325863,1105372581,1298932,603632,217879,120240,2617140238,21870
1636-Coin_Combinations_II,1293444.cpp,entry2.txt,1485515983,4524791549,14961067,6140632,493354091,97771,1103,494766138,47313,1814043771,6746013,757741583,650611,369788,122419,72120,1804529120,7901
1636-Coin_Combinations_II,1293444.cpp,entry6.txt,2499155066,8384174378,16689325,8691976,800067013,114136,1102,804918406,76433,3020970983,6990277,1413504701,1040175,479276,143636,67133,3009812511,11516
1636-Coin_Combinations_II,1293444.cpp,entry5.txt,2518698559,8431073748,16985420,8468213,806703327,104533,1103,805631267,61316,3011301917,6903466,1401915418,1117386,469482,152752,68001,3002904880,11427
1636-Coin_Combinations_II,1293444.cpp,entry3.txt,2497789414,8422154525,16723504,8727868,803800198,117422,1103,804800418,70593,3008051523,6975572,1401806079,1142062,484037,146474,67901,3008122988,11315
1636-Coin_Combinations_II,1293444.cpp,entry4.txt,2418739510,8018224673,25817591,7996766,771368564,99111,1102,772507990,58238,2894440415,12090023,1341636934,1039301,691676,150954,60025,2898037225,11616
1636-Coin_Combinations_II,1293444.cpp,entry1.txt,2516446318,8444735045,17005808,9077799,810019013,129486,1103,805809001,83413,3015672122,6911288,1402634297,1086033,475185,138499,68545,2992664867,11515
1636-Coin_Combinations_II,1759010.cpp,entry2.txt,1197576251,2388797447,14222001,4682441,204546039,77935,1107,203558810,44544,1177539031,6248990,194907935,981317,220409,120899,7605,1241838219,6438
1636-Coin_Combinations_II,1759010.cpp,entry6.txt,1301350990,4136126329,15928319,7359338,205114340,94260,1107,204170548,46541,1909558516,6735572,304329937,947829,410113,175984,94743,1914716216,9185
1636-Coin_Combinations_II,1759010.cpp,entry5.txt,1302405758,4143660278,15597496,7653363,204288901,80499,1107,204593801,39169,1908877325,6729725,302609886,1013950,464290,139041,11912,1924068357,7951
1636-Coin_Combinations_II,1759010.cpp,entry3.txt,1292046200,4115589589,15630456,6830589,203916058,94955,1107,205470267,57769,1908491858,6748500,304803634,1127680,415756,168775,36907,1918372927,7979
1636-Coin_Combinations_II,1759010.cpp,entry4.txt,1277931756,3942277553,24646009,6208183,204718753,90288,1109,205574622,45192,1845197785,11794346,293086813,945695,356134,153251,6733,1830771410,4791
1636-Coin_Combinations_II,1759010.cpp,entry1.txt,1305337091,4131435834,16159765,7175555,204358452,84293,1108,205138036,44487,1904237897,6774727,306906087,653374,398165,65198,705,1927451765,4805
1636-Coin_Combinations_II,6417521.cpp,entry2.txt,6584815098,18724564708,66772363,38541909,1652267222,434488,98804,1656102064,388747,4967110350,32610604,3087918439,5513211,1848274,7320542,6847943,4951180024,1778859
1636-Coin_Combinations_II,6417521.cpp,entry6.txt,6502107762,18997745560,59991718,35090211,1716181317,435393,98805,1719245283,403207,5083422388,29751017,3102695691,5433482,1646632,7762032,7026392,5094514795,1818430
1636-Coin_Combinations_II,6417521.cpp,entry5.txt,6487844747,19026533517,60709939,35723188,1711922027,444476,98804,1710425209,402987,5080476325,29333171,3111391250,5544854,1643636,7664617,6954292,5106551378,1869095
1636-Coin_Combinations_II,6417521.cpp,entry3.txt,6466035085,19077854397,60824389,35108389,1711502358,455539,98804,1705794295,420541,5071711240,29816850,3112592050,5674710,1624887,7806859,7019066,5107575648,1828357
1636-Coin_Combinations_II,6417521.cpp,entry4.txt,6537714812,18899392847,71614317,37769742,1702766926,458136,98804,1709735139,422796,5080823348,35243611,3117986540,5532983,1967371,7789944,6854495,5079437976,1837937
1636-Coin_Combinations_II,6417521.cpp,entry1.txt,6484696206,19010120699,61097590,36655525,1723665793,436921,98804,1718855185,391189,5074388813,30304366,3101022055,6076889,1691800,7600876,6873123,5080489966,1828660
1636-Coin_Combinations_II,3739170.cpp,entry2.txt,1257711227,3490806657,15142610,5837360,202821233,75498,1109,208724468,47239,1077962878,6552220,198693786,677975,242656,113157,205,1089178825,4035
1636-Coin_Combinations_II,3739170.cpp,entry6.txt,1984030104,5834429052,16450773,8314654,203729905,100618,1108,203876213,60256,1607299793,6891724,303407151,1052024,480690,170186,538,1607917751,8125
1636-Coin_Combinations_II,3739170.cpp,entry5.txt,1988507961,5830957841,16303903,8178302,203456332,118547,1108,204727633,77689,1605173934,7014911,302208594,1024906,439142,201106,19385,1612545866,9178
1636-Coin_Combinations_II,3739170.cpp,entry3.txt,1984151013,5830635621,16003365,8224369,203828276,103765,1108,203942485,69958,1602506347,6994836,304271032,928602,486988,189667,37283,1605111750,9801
1636-Coin_Combinations_II,3739170.cpp,entry4.txt,1920078457,5580370274,25192139,6990834,200690923,100193,1107,202203143,61440,1557839917,12064374,294018590,947287,429631,156633,1143,1557352815,6894
1636-Coin_Combinations_II,3739170.cpp,entry1.txt,2001123120,5852951047,16409909,8157684,204376086,107035,1108,204492997,60795,1608251432,6876563,301098581,970936,421253,149476,2608,1606962653,7367
1636-Coin_Combinations_II,5208903.cpp,entry2.txt,5712961528,15853745934,67838203,38590769,1753706653,411231,99786,1753623504,365534,4964248820,32580106,2995758942,5035821,1742838,7740039,7035933,4982378247,1861011
1636-Coin_Combinations_II,5208903.cpp,entry6.txt,6724546489,18884209997,60433769,35692360,2115794880,437399,99786,2122337858,391196,6024510539,30150153,3628731706,5454322,1591305,7680448,6969170,5999979003,1838867
1636-Coin_Combinations_II,5208903.cpp,entry5.txt,6736655550,18942829641,61558890,36075634,2123415816,445857,99786,2118299162,406001,5992612183,30158283,3630101297,5643463,1613664,7815362,6996032,5996933946,1853715
1636-Coin_Combinations_II,5208903.cpp,entry3.txt,6759929506,18939138983,61178832,35768731,2122016026,447077,99787,2125084855,407650,6014938520,30316332,3625791974,6006218,1726525,7806411,7085204,6019033691,1883264
1636-Coin_Combinations_II,5208903.cpp,entry4.txt,6704886627,18614844769,72498601,38093815,2080584252,434340,99786,2079513066,392866,5895913494,35704888,3566618525,5807302,1977796,7774126,7011411,5907216867,1859560
1636-Coin_Combinations_II,5208903.cpp,entry1.txt,6734864037,18919613972,61680004,36002219,2122454758,442384,99786,2125417935,402004,6001773550,30486345,3617393584,5743523,1603530,7771774,6968982,6004270021,1857980
1636-Coin_Combinations_II,2199340.cpp,entry2.txt,66410692,168342982,11344659,570240,13991379,55286,2070,14305176,25443,50155347,5726151,13767167,135272,261245,100974,100344,52277730,9377
1636-Coin_Combinations_II,2199340.cpp,entry6.txt,146099418,348924156,13768467,1230512,28263873,54110,2085,28896700,13040,105730097,6331937,29989288,113734,244896,60427,61090,106654524,5706
1636-Coin_Combinations_II,2199340.cpp,entry5.txt,146503948,354917451,13377748,672251,28383291,58510,2085,27604432,12282,102213142,6215274,29473431,107519,245805,60296,56637,113856485,5878
1636-Coin_Combinations_II,2199340.cpp,entry3.txt,112768914,323218967,12799565,1344956,26951224,59435,2085,27403968,15288,106514453,6656402,27854446,133893,268134,82167,73798,96728248,6893
1636-Coin_Combinations_II,2199340.cpp,entry4.txt,112527738,312362073,18919401,1106078,26362929,52488,2085,26857896,12893,102106141,11724001,25771416,157826,415464,91654,86264,95687198,8504
1636-Coin_Combinations_II,2199340.cpp,entry1.txt,150973144,370370232,13351379,1776108,29684416,56595,2084,28218914,16953,100170989,6198683,28745041,145203,246346,55293,52402,113168876,5081
1636-Coin_Combinations_II,3736295.cpp,entry2.txt,985977300,3050163384,26116070,12387798,194109938,73762,4009,201594687,39500,961123883,11293553,153387766,589580,310038,188607,173660,927140549,21499
1636-Coin_Combinations_II,3736295.cpp,entry6.txt,1442618883,4842116634,30220352,16477792,204765578,90523,4039,204655848,58061,1309486213,12920586,204539050,930323,456364,225956,123371,1312151549,36098
1636-Coin_Combinations_II,3736295.cpp,entry5.txt,1445355346,4848438707,30256769,16250693,205222811,93215,4037,204292798,58799,1294945147,12908693,203767052,752653,400449,200760,109448,1317337032,35761
1636-Coin_Combinations_II,3736295.cpp,entry3.txt,1450223049,4843199940,30742845,17243586,204062237,82280,4039,203545331,47401,1299450141,13162025,205078935,763171,416281,183458,119458,1317831728,37217
1636-Coin_Combinations_II,3736295.cpp,entry4.txt,1406340850,4668053564,49199611,15894358,204565839,81824,4038,205416557,47292,1274732147,23877072,199963258,743106,593978,186412,150341,1274462286,36736
1636-Coin_Combinations_II,3736295.cpp,entry1.txt,1454949985,4837151507,30348379,16739280,204498268,90856,4037,203860071,53457,1304017635,12890959,203540345,735087,396149,166840,119702,1318390806,35757
1636-Coin_Combinations_II,4873850.cpp,entry2.txt,1397786768,3609209879,27341075,12920000,207767814,88308,4007,205301763,42403,947228420,11822397,151753078,694728,372263,178294,153254,947560424,14673
